{"access_token":"ya29.GltxBpSeTYxqS0bI4LX0xL-GG42z8LC0ZxuSSjD-M3H3R40ZYYJblk219usOMjjmtJ2I-36TsKmas1F3FFAQzsuTDOYMjsEMSe4W91X1OzbEdpLl2aRoxrrQcqid","refresh_token":"1/V9qkMkhvTGjPQCSXtcP-YAvCdiuP1sIhoLvlO8a6PMw","scope":"https://www.googleapis.com/auth/drive.photos.readonly https://www.googleapis.com/auth/drive.scripts https://www.googleapis.com/auth/drive.appdata https://www.googleapis.com/auth/drive.readonly https://www.googleapis.com/auth/drive https://www.googleapis.com/auth/drive.metadata.readonly https://www.googleapis.com/auth/drive.metadata https://www.googleapis.com/auth/drive.file","token_type":"Bearer","expiry_date":1544673726106}